VPN Tool;Website;Features;Special Features;Missing Features;Ease of Use (1-10);Costs & Subscription Model;Jurisdiction;Independent Audits;Customer Support 24/7;Customer Support Live Chat;Customer Support Ticket System;Number of Servers;Number of Locations;Simultaneous Connections;No-logs Policy;Performance and Speed;Compatibility 1;Compatibility 2;Compatibility 3;Compatibility 4;Compatibility 5;Trial Periods;Money-Back Guarantees;Payment Option 1;Payment Option 2;Payment Option 3;User Reviews and Reputation;Security Features 1;Security Features 2;Streaming Capabilities;Torrenting Capabilities
NordVPN;https://nordvpn.com;Strong security, user-friendly interface;Meshnet feature;No phone support;9;Varies by plan;Panama;Yes;Yes;Yes;No;5400+;59 countries;6;Strict no-logs policy;High;Windows;macOS;Linux;iOS;Android;N/A;30-day;Credit card;PayPal;Cryptocurrencies;Generally positive;Double VPN;Ad-blocking, malware protection;Excellent;Excellent
ExpressVPN;https://expressvpn.com;Robust privacy, Lightway protocol;Proprietary Lightway protocol;Fewer simultaneous connections;9;Varies by plan;British Virgin Islands;Yes;Yes;Yes;No;3000+;94 countries;5;Strict no-logs policy;High;Windows;macOS;Linux;iOS;Android;N/A;30-day;Credit card;PayPal;Bitcoin;Generally positive;Advanced encryption;TrustedServer technology;Excellent;Excellent
Surfshark;https://surfshark.com;Unlimited devices, GPS spoofing;GPS spoofing, unlimited devices;No dedicated IP option;8;Varies by plan;British Virgin Islands;Yes;Yes;Yes;No;3200+;65+ countries;Unlimited;Strict no-logs policy;High;Windows;macOS;Linux;iOS;Android;N/A;30-day;Credit card;PayPal;Cryptocurrencies;Generally positive;CleanWeb ad-blocking;Whitelister;Excellent;Excellent
CyberGhost;https://cyberghostvpn.com;Large server network, NoSpy servers;NoSpy servers;Speed inconsistency;8;Varies by plan;Romania;Yes;Yes;Yes;Yes;7000+;90+ countries;7;Strict no-logs policy;Varies;Windows;macOS;Linux;iOS;Android;N/A;45-day;Credit card;PayPal;Bitcoin;Mixed reviews;Ad-blocker;Malware protection;Good;Good
Private Internet Access (PIA);https://privateinternetaccess.com;Strong privacy, transparency report;Open-source software;No independent audit;8;Varies by plan;United States;No;Yes;Yes;No;35000+;78 countries;10;No-logs policy;High;Windows;macOS;Linux;iOS;Android;N/A;30-day;Credit card;PayPal;Cryptocurrencies;Generally positive;MACE ad-blocking;N/A;Good;Good
IPVanish;https://ipvanish.com;Unlimited connections, SOCKS5 web proxy;SOCKS5 web proxy;No WireGuard protocol;7;Varies by plan;United States;No;Yes;Yes;Yes;1600+;75+ locations;Unlimited;No-logs policy;High;Windows;macOS;iOS;Android;Fire TV;N/A;30-day;Credit card;PayPal;N/A;Mixed reviews;Scramble feature;Ransomware protection;Fair;Fair
ProtonVPN;https://protonvpn.com;Integration with ProtonMail;Secure Core servers;No live chat support;8;Varies by plan;Switzerland;Yes;No;No;Yes;1200+;55 countries;10;Strict no-logs policy;High;Windows;macOS;Linux;iOS;Android;N/A;30-day;Credit card;PayPal;Bitcoin;Generally positive;NetShield ad-blocker;Secure Core;Good;Good
Mullvad;https://mullvad.net;Anonymity focus, flat-rate pricing;Flat-rate pricing;Smaller server network;7;5€/month;Sweden;Yes;No;No;Yes;760+;37 countries;5;Strict no-logs policy;High;Windows;macOS;Linux;iOS;Android;N/A;N/A;Credit card;PayPal;Bitcoin, cash;Generally positive;Bridge mode;N/A;Fair;Fair
Windscribe;https://windscribe.com;Customizable plans, generous free version;Ad blocker;No independent audit;8;Free tier, Varies by plan;Canada;No;No;No;Yes;400+;63 countries;Unlimited;No-logs policy;Varies;Windows;macOS;Linux;iOS;Android;N/A;3-day;Credit card;PayPal;Bitcoin;Generally positive;ROBERT ad-blocker;N/A;Good;Good
VyprVPN;https://vyprvpn.com;Owns all servers, Chameleon protocol;Chameleon protocol;Lacks some advanced features;7;Varies by plan;Switzerland;Yes;Yes;Yes;No;700+;70+ countries;5;No-logs policy;High;Windows;macOS;iOS;Android;Routers, TV;N/A;30-day;Credit card;PayPal;N/A;Generally positive;Public Wi-Fi protection;N/A;Good;Good